Beat Strength,Zero Crossing Rate,Note Density,Chroma Features,Pitch Class Distribution,Harmonic-to-Noise Ratio,Pitch Variation,Spectral Centroid,Spectral Bandwidth,Spectral Contrast,RMS Energy,Dynamic Range,Crescendo Detection,Transient Strength,Silence Ratio,MFCC_1,MFCC_2,MFCC_3,MFCC_4,MFCC_5,MFCC_6,MFCC_7,MFCC_8,MFCC_9,MFCC_10,MFCC_11,MFCC_12,MFCC_13,Score
1.159817852,0.145615547,3.757333333,0.380956708,0.479480427,-2.23E-05,136.250449,1951.74333,1978.331889,17.92678438,0.045978506,0.133659237,0.038267247,1.159817852,0.000376667,-193.9671848,81.29419892,6.93975306,11.50381563,-2.851759718,2.044312448,-0.705647942,0.1568113,2.229687305,-1.29125681,-0.125386291,-2.443591821,0.205178674,22.75
1.101185045,0.130150567,4.084615385,0.40450358,0.499781355,-1.65E-05,130.2638187,1747.444178,1779.737105,17.54692294,0.048444959,0.13768823,0.033279386,1.101185045,0.000478846,-194.8634477,94.81877865,-6.440948438,7.646540204,-1.392084881,-0.968378597,-2.626964861,-1.320079453,0.112521257,0.590769705,-1.904196289,-2.279395427,-1.482977953,23.7
1.216169505,0.149685435,4.175291375,0.366749811,0.472593333,-1.82E-05,160.0278615,1948.390013,1909.960838,18.10990468,0.042444466,0.128851376,0.040606596,1.216169505,0.000477681,-196.05642,83.46573515,-3.476462333,5.846948477,-3.520298396,-2.799415813,-1.927022052,-1.024011283,0.592764885,1.095218763,-1.770439997,-2.228186827,-0.308537727,24.05
1.21551076,0.121828863,4.54025974,0.399016233,0.505463693,-2.70E-05,157.7894447,1692.578551,1768.373848,17.39380161,0.05357873,0.163788192,0.04371842,1.21551076,0.00040855,-186.4073628,97.49324032,-4.064868056,9.297067318,-0.843762166,-0.142802175,1.733618249,-0.220919406,0.810425657,1.280370486,0.100431836,-0.082154199,-0.623732101,24.35
1.26014546,0.137812548,4.909428571,0.37158565,0.49163044,-3.30E-05,193.5216303,1808.136266,1794.582939,17.74632042,0.051446596,0.16295199,0.038536133,1.26014546,0.000581423,-190.5944458,89.43773628,-11.74272312,7.026242056,-1.376101152,-2.59457165,-2.150651353,-0.513145796,-1.378401163,-0.701900838,-2.851532679,-2.897058742,-4.055862692,24.75
1.210729193,0.09594016,4.240740741,0.458195344,0.532814796,-6.68E-06,245.2954592,1580.979316,1725.533207,17.14317616,0.028558245,0.061630469,0.026893329,1.210729193,0.000417438,-254.2923263,86.05756241,-16.71050785,20.90631344,17.41536546,20.44138085,19.32093744,15.93012251,7.696312267,9.272131493,1.694757792,-1.664340806,-1.687866192,25.25
1.25745875,0.185297851,4.356410256,0.413633399,0.513787111,-1.88E-05,204.2773155,2257.856891,1977.98911,17.25545365,0.094246117,0.269831291,0.077732143,1.25745875,0.001221795,-117.0705972,64.96069162,-9.313876318,5.785023096,-2.173228132,-0.309991972,0.056020214,1.038676705,1.384560027,1.520500328,-1.870026756,-3.2362693,-1.772771203,25.15
1.263694688,0.186692498,4.217948718,0.403941974,0.517220244,-2.24E-05,177.2230265,2286.237682,2035.065526,17.36816962,0.076036009,0.195071481,0.046214791,1.263694688,0.001778446,-143.6621607,65.60074012,-3.538859736,7.293925294,-0.015608445,-0.66347234,0.05598472,-0.167020489,1.980600691,0.140744147,-3.463640425,-1.379539383,-1.810874278,26.1
1.274222615,0.229545262,4.067948718,0.412323861,0.498318998,-1.26E-05,205.917317,2622.781704,2138.489451,17.50990919,0.060208702,0.159507765,0.051389055,1.274222615,0.000396795,-139.9393982,49.88276927,0.421179293,9.150855604,-0.412759663,1.400421878,0.729044297,2.059787336,3.015099607,1.703596389,-0.898484077,-1.147145058,-0.471244396,26.25
1.190481244,0.140765779,4.28,0.433027066,0.436734144,-1.86E-08,98.38724293,2156.774952,2225.002589,17.57641327,0.058180775,0.158829982,0.045043107,1.190481244,0.004875583,-210.8354012,84.1168076,33.71980574,2.808534779,18.57657162,6.686521218,9.350238197,4.300594184,7.102849724,1.62773417,2.677933535,-1.141218104,-0.085323015,26.85
1.184668343,0.120199529,4.183333333,0.370561212,0.494290194,5.35E-08,158.4318057,1655.50566,1737.203407,18.29288886,0.018766652,0.05474964,0.01638215,1.184668343,0.007093782,-312.7820617,101.5222275,-4.24338244,2.185526304,-1.700316032,-6.003566893,-3.830401785,-4.685271737,-2.898939243,-4.414800239,-4.185120928,-5.941589648,-3.776496777,26
1.122047735,0.120473601,3.910714286,0.34538365,0.473366971,-6.28E-06,180.7396405,1781.240585,1861.13655,17.68654179,0.030543155,0.092409862,0.027136162,1.122047735,0.057723437,-299.6115893,82.49555957,10.396341,4.015081021,-3.433632669,-3.394468359,-1.049071162,-4.766023336,0.290956166,-2.414224968,-2.296720193,-5.173118541,-3.947157144,27.45
1.236282288,0.10793021,4.205333333,0.402367932,0.465249996,-1.04E-06,127.7884931,1702.088788,1840.466273,17.74073072,0.049902643,0.131985747,0.038387193,1.236282288,0.000328167,-199.6820354,93.21993952,2.836741771,12.47880942,1.697444764,2.966811213,1.603909913,1.811248871,1.965868999,1.453429644,-0.470968939,-0.176363354,-0.443518828,27.5
1.164518772,0.196066284,3.804487179,0.413385984,0.463527878,-1.55E-06,159.2867186,2512.579989,2180.505605,17.48649193,0.061803722,0.193195764,0.04524622,1.164518772,0.000467208,-160.626379,54.18666712,-1.988342073,2.289869887,0.492230462,-1.014589814,-0.250273807,-1.197381168,1.264186146,1.098692112,-1.577925495,-2.123865507,-3.454970352,27.45
1.225881468,0.201819855,3.837346711,0.437509645,0.510312944,-3.10E-07,157.4884151,2379.712007,2044.790553,17.37920763,0.03849314,0.123737285,0.038264577,1.225881468,0.000547784,-185.67941,61.51981039,-5.943064864,8.84345125,-2.978450768,-2.667600537,-0.698742285,-1.727991656,0.060432417,0.00743685,-3.020063116,-2.552024412,-3.463798358,28.2
1.258842813,0.175112093,4.388271605,0.404793215,0.481222267,-2.85E-07,142.4755047,2221.913309,2053.548413,17.8313557,0.034900907,0.102088309,0.031689814,1.258842813,0.000509896,-201.7224258,68.96477242,1.431830458,9.757896183,0.978433805,0.380330431,-1.00912992,-2.110686638,0.013330456,0.096335657,-2.855305847,-3.066577551,-3.413250825,28.55
1.237644575,0.172530263,4.280288462,0.425305885,0.455032135,1.42E-06,146.1361783,2269.323735,2083.003271,17.55121115,0.03579937,0.113145823,0.031922272,1.237644575,0.000535927,-207.609143,66.91268146,3.177371304,9.8126448,2.844299493,2.012736867,0.37311646,0.486044924,1.689987615,-0.956911472,-3.215960153,-2.613672935,-2.263157501,29
1.115174995,0.073418736,3.907692308,0.354608607,0.365852218,-4.27E-07,99.49494809,1281.441665,1598.687496,18.06056356,0.048672661,0.135606808,0.039957083,1.115174995,0.048510497,-276.1590529,107.0817462,11.77403358,15.08325649,5.501281454,4.769637185,4.421378854,2.329020453,3.974066344,2.990436965,0.839593318,0.476790483,0.536510985,28.8
1.166479025,0.171735709,3.985858586,0.366219888,0.454162984,-8.51E-07,169.4245758,2135.88842,1995.274079,18.74991509,0.060217852,0.160979266,0.040792981,1.166479025,0.000344129,-165.767426,74.20058822,-1.270443273,2.27839735,-0.557959,-3.268511485,-3.26716782,-3.669733758,-2.580263153,-1.906276959,-3.647074068,-4.274991722,-3.828634336,29
1.232090322,0.188860002,4.356790123,0.445434137,0.544751324,4.87E-07,165.3074719,2297.710561,2037.813361,17.13700612,0.063238178,0.195692654,0.059094903,1.232090322,0.000322184,-137.5415701,65.82624678,-4.741108731,6.339772363,-1.813045991,0.061258946,-0.446698058,-1.80447281,0.65305176,0.107254244,-2.23325709,-3.507541411,-4.347289096,21.875
1.234220307,0.199570348,4.365551839,0.388867032,0.494732852,-7.32E-06,180.4080041,2467.212885,2141.684455,17.79983808,0.070093968,0.240443661,0.06025615,1.234220307,0.00035572,-150.2537457,62.69344474,-4.008950913,-2.320699333,-0.150440225,-6.228959474,-2.210574222,-5.191832883,-1.633844978,-3.064750535,-5.237838529,-6.796352887,-6.043248248,21.85
1.165493825,0.132484237,4.748106061,0.349096716,0.492215191,2.74E-07,144.3571448,1842.320879,1899.280097,17.9149772,0.022755482,0.07212801,0.021829989,1.165493825,0.010820028,-280.3458588,91.2605175,2.458897496,-1.913268806,-2.541659669,-7.643284829,-7.681878325,-9.337664792,-5.501392852,-6.922068948,-7.006496338,-6.013440179,-2.962311461,22.175
1.233405022,0.115032686,4.854487179,0.377573613,0.494847006,-2.25E-07,135.770821,1721.266018,1862.654968,18.08018266,0.038746771,0.10279645,0.035720302,1.233405022,0.001113582,-227.9122202,97.92487446,0.504600076,0.943968673,1.365940193,-4.9316347,-2.924258457,-4.447084691,-2.65400248,-3.629018521,-5.211154219,-5.913492715,-4.924197405,22.6
1.317146408,0.133461258,3.700986193,0.37456368,0.492699599,-1.21E-07,160.0731778,1834.347188,1834.305142,18.1552885,0.050364783,0.149955245,0.052200633,1.317146408,0.007533099,-181.5030515,88.52932738,-4.160393963,6.817474275,-2.304430529,-2.112955402,-1.782609327,-1.56867735,0.209650713,-2.083992457,-4.966990792,-6.197948808,-5.736835258,23.45
1.206566027,0.12962621,4.461538462,0.360338568,0.467031682,-1.09E-06,144.5253528,1761.218437,1807.823993,18.51571864,0.046957173,0.130007987,0.033981293,1.206566027,0.00174976,-204.5873727,93.73924965,-3.786316431,4.94067939,-1.550998122,-2.644840819,-2.585023602,-2.2295739,-2.210727513,-1.718492837,-4.154551892,-4.210598296,-4.37993654,23.75
1.214878628,0.175075047,4.55751634,0.417184871,0.486042885,-5.50E-08,137.3720781,2529.780899,2461.410948,17.64183033,0.062902899,0.162191169,0.049431888,1.214878628,0.004217856,-180.1519009,64.18163425,35.40060429,5.105657298,19.72279896,7.909536358,10.3968695,4.338447134,6.426376733,0.788906979,-0.727136398,-1.692979323,-1.361401726,24.55
1.238151873,0.127547311,5.011363636,0.399981625,0.514569138,-1.54E-06,99.52450339,1841.788155,1908.064395,17.88168197,0.083908166,0.217071602,0.062875224,1.238151873,0.000250284,-122.1608137,87.180533,0.65469039,12.4769591,0.668964154,-2.995138758,-3.396804509,-4.03781287,-1.830690081,-1.361869352,-4.483848943,-5.055478243,-6.243832995,23.35
1.21268425,0.11489973,4.26377551,0.366333134,0.473028815,-1.37E-06,124.5403027,1696.579311,1805.345122,18.51481577,0.076060185,0.206271369,0.063404187,1.21268425,0.000555176,-178.7770342,93.55141729,0.623008058,11.04499761,-3.653682969,-4.010145023,-6.880575068,-7.583488586,-5.560178725,-3.845374035,-8.50361765,-7.800678746,-6.747912079,25.25
1.119138861,0.124712749,3.998550725,0.384389834,0.4849691,-3.16E-06,142.9721878,1788.322745,1848.668158,17.73860673,0.076079071,0.172475562,0.045798611,1.119138861,0.028534783,-175.3505858,84.52149004,1.325597398,9.680402825,0.657680503,2.221460433,1.096732089,0.602116502,1.193849754,0.543180726,-2.337748891,-3.569987164,-3.134551633,24.925
1.180880218,0.111610554,4.255072464,0.360327536,0.469551873,-1.24E-06,96.02476483,1688.584269,1831.279386,18.41681308,0.07308798,0.200999129,0.05233301,1.180880218,0.000343357,-174.3580646,94.53533883,3.362389467,6.372114852,-3.613050236,-4.430240374,-5.775796067,-6.374601215,-2.717991444,-4.627571115,-5.734492662,-6.624332696,-5.804465502,24.475
1.248082294,0.136513928,4.36113307,0.373114311,0.500344656,-3.60E-06,136.0454888,1859.304675,1869.296831,17.99311766,0.064948331,0.163652729,0.049587554,1.248082294,0.001052355,-182.0665691,86.47129757,-0.835603109,8.805499461,-2.103229683,-2.512131477,-3.513081356,-3.888476254,-0.604846672,-1.205639353,-3.548357443,-4.340153263,-4.516408137,25.925
1.20418645,0.130121968,4.044871795,0.3785908,0.440810513,-4.03E-06,175.4012826,1821.558308,1857.185552,18.14004067,0.08544292,0.196108991,0.049432621,1.20418645,0.000687821,-144.100751,86.46675258,-3.578191372,12.7924938,2.055019668,1.729092484,0.979823833,0.421380635,1.69380592,0.835906471,-1.591976542,-1.766667874,-2.251497693,24.95
1.153421252,0.13523521,3.886111111,0.380914883,0.481734383,-2.27E-07,134.3702242,1867.51424,1880.036543,17.64186346,0.029377089,0.09407009,0.029320086,1.153421252,0.004530729,-237.5087448,91.24279708,-1.98158176,1.680393925,-1.14847101,-6.164147626,-4.349339746,-5.722964738,-3.579910923,-4.786406093,-5.259098313,-6.924709792,-5.860722396,25.95
1.244605655,0.135979029,4.503333333,0.372849934,0.490053977,-2.89E-06,171.9033601,1861.022545,1847.730057,18.14095255,0.07158859,0.173152736,0.051762208,1.244605655,0.00031814,-151.6588392,85.6465049,-5.620998545,11.10585857,-0.604453088,-1.156151987,-0.958750387,-0.490534931,1.03988705,1.419241593,-3.607235083,-3.062866053,-3.94497722,26.6
1.199292809,0.113567066,4.092592593,0.366391567,0.486444512,2.12E-07,96.68673354,1686.653616,1833.876799,18.62416148,0.074480605,0.213956107,0.062168889,1.199292809,0.000285469,-160.1217299,95.527771,4.11042893,7.94623142,-0.383014682,-2.729663345,-4.18132987,-4.498121673,-3.878614862,-2.406732098,-6.494925995,-6.329118655,-8.026140664,26.85
1.209747252,0.177030595,4.492735043,0.38457452,0.490894695,-2.45E-06,185.5025281,2198.253942,1964.562652,18.24984464,0.077798783,0.175465801,0.043698749,1.209747252,0.000242931,-123.7876653,68.23664077,-0.536487225,13.53164417,-9.317533363,4.155242122,-3.101242435,-5.996028813,0.312820315,-4.14135936,-4.55265882,-4.253983846,-4.9775978,26.575
1.259587731,0.119097443,5.171794872,0.366955038,0.418609774,-3.40E-06,137.3461662,1719.110336,1765.289596,18.3977205,0.083576072,0.165352655,0.039692043,1.259587731,0.00021899,-145.9727589,92.32742762,-5.193605904,14.57362811,3.092359286,2.624475179,0.694806887,2.864093997,1.47195314,2.258637856,0.215159482,-2.048739525,-2.089590708,27.8
1.187363424,0.154204081,4.424484848,0.36124864,0.492895308,-2.81E-06,160.74389,2004.861637,1907.000332,18.16737562,0.064141906,0.148333638,0.033564455,1.187363424,0.004837364,-166.4017186,78.7480634,-1.545294271,8.988557904,-5.601441805,-0.217502832,-3.618908838,-4.728600394,-0.533317746,-4.546444385,-4.932952892,-3.698484703,-1.214636329,27.525
1.200361148,0.128305226,4.229333333,0.373628619,0.465063209,-2.15E-06,128.0580224,1777.024276,1792.597983,18.24885106,0.064077902,0.14708995,0.037682162,1.200361148,0.00030923,-169.7418036,91.9760118,-4.856649923,10.61135988,1.11349488,1.040733965,-1.102077177,0.003069825,0.710846908,-0.220204952,-0.671001568,-3.822047681,-1.756449148,28.075
1.096181639,0.12474164,3.788518519,0.362779256,0.458909791,-7.72E-07,143.9498076,1722.91156,1755.616241,18.80499158,0.066245635,0.13623969,0.036578972,1.096181639,0.001686227,-156.1600982,92.92856533,-8.408278097,12.34854897,2.926472437,2.858529141,0.557230907,0.232306392,1.509093553,-0.340163954,-5.786435446,-4.191540855,-0.571580069,28.7
1.18768771,0.128347708,4.466285714,0.358766211,0.472170441,-6.93E-07,140.0385096,1770.872569,1787.480562,18.15065428,0.063991048,0.142834048,0.043833871,1.18768771,0.000573048,-178.9724275,91.68589772,-5.623710584,14.09096732,-2.514360348,-1.334451413,-1.794406944,-0.437883218,-0.426973547,-1.173185893,-2.043243548,-1.639312354,-2.395305096,28.5
1.173963124,0.107738071,4.375151515,0.343771718,0.438350972,3.42E-06,129.8318503,1608.609722,1727.540217,18.80324763,0.022942706,0.056329893,0.016017599,1.173963124,0.000557523,-287.8976468,99.416632,-1.762993506,6.365121845,-0.742768567,2.814243566,-2.268863738,-2.959868656,-1.852290098,-0.268338592,-2.617803026,-5.808524652,-3.969558989,28.9
1.090195614,0.132912397,4.204,0.406193378,0.457921764,5.40E-06,137.2966598,1902.601154,1875.418884,18.21397065,0.065186532,0.139441865,0.036430415,1.090195614,0.000265083,-155.9972439,84.30825804,-6.940481855,7.63882228,-0.292539289,0.626988848,-1.061124442,-0.652068149,0.905822915,-0.052919789,-2.578801572,-3.947119107,-3.594957291,28.9
1.15618956,0.120108008,3.998850575,0.401308942,0.496098334,-1.90E-07,141.0373497,1687.550158,1759.468985,17.48332893,0.030357841,0.081859588,0.024078024,1.15618956,0.000558908,-244.4526917,99.28411934,-7.377783384,5.952125838,-1.017225139,-2.396946708,0.471059795,-2.166947942,0.462275925,0.676710593,-1.56267631,-2.894891377,-3.713267562,29.4
1.198085154,0.129581146,4.729757344,0.384149075,0.452002374,-4.09E-07,139.2836754,1841.882427,1887.676245,18.22411929,0.060920454,0.137082763,0.04389838,1.198085154,0.00030555,-167.5566741,87.7882097,-1.57088188,11.02558934,1.937051161,0.999857448,0.271247676,-0.154717566,1.323042263,-0.192448211,-3.134598722,-2.305498555,-3.004056907,22.025
1.118498953,0.117619616,4.605636071,0.342329806,0.43666473,-4.66E-07,104.5261111,1634.788173,1722.921346,19.28533063,0.031743323,0.076466961,0.018209798,1.118498953,0.000498084,-249.3312861,97.91037252,-0.099340595,16.09822617,-1.358637692,-2.312573962,-1.825206367,-3.636817122,-0.096962228,-1.060513561,-3.595795595,-5.64929608,-6.232344833,22.35
1.268993879,0.127495803,4.055357143,0.401857643,0.455555321,-5.25E-07,148.2287076,1843.12372,1851.16702,17.82632239,0.049238101,0.137206261,0.038934391,1.268993879,0.000353776,-190.6929339,88.80485479,-4.009497234,11.32305085,3.854900449,2.572674806,0.708917839,0.280250958,2.095547402,1.101197384,-2.257268686,-2.965325207,-2.701452327,22.925
1.20674522,0.131990296,4.058928571,0.372835438,0.444307304,-1.76E-06,142.4400913,1783.805981,1795.937479,18.44323348,0.044138792,0.115784644,0.036368958,1.20674522,0.000444531,-208.2861431,93.40592071,-7.543146607,5.667640853,0.098106959,-0.466182266,0.868812666,-0.035089186,2.555569474,2.280369368,-2.091157943,-3.22469552,-3.029329918,24.075
1.273066224,0.129429462,4.402463054,0.383523833,0.492281978,-3.32E-07,166.623958,1861.314037,1878.982879,17.89242395,0.052950719,0.134757194,0.042327877,1.273066224,0.00034375,-182.0282962,86.62140821,-6.913596726,7.440907545,1.142597478,-0.29140237,1.977092829,1.155438085,2.246356331,-0.74717138,-3.408736792,-3.956482834,-3.496974469,24.925
1.168494935,0.122298855,4.084405458,0.378562222,0.477698381,2.78E-07,169.0969084,1700.130113,1771.11568,18.00996829,0.045334198,0.112634472,0.031738909,1.168494935,0.000377546,-208.5799682,96.62835707,-5.54692912,5.492092367,1.726850828,-0.388668187,-2.44490606,-2.49677167,-1.947602625,-2.358562851,-5.241556153,-4.279044674,-3.997177798,25.2
1.268092461,0.096504507,5.096296296,0.366536261,0.430039996,-3.24E-07,107.3349602,1586.457589,1798.576885,18.4895366,0.083130023,0.181473772,0.046858885,1.268092461,0.000221867,-159.4304013,99.88190311,4.859640752,11.76027096,6.050102511,9.199255748,0.498484219,0.570852542,1.508336119,-1.116659531,-3.388102384,-4.531816317,-2.998480728,26.25
1.184153559,0.122734385,4.241975309,0.382008324,0.473332256,5.80E-07,164.5587955,1797.615487,1846.434555,18.17917634,0.062224895,0.154858146,0.046049002,1.184153559,0.010230941,-179.612432,86.26094196,-2.776578777,12.21394126,4.112337777,3.240861856,0.277373223,0.530615701,2.506199687,0.573503945,-1.39336992,-0.851915275,-0.360082645,26.9
1.312461487,0.109771221,3.434057971,0.359397254,0.483761249,-4.00E-07,130.8126469,1566.092285,1702.791512,18.92279323,0.042205629,0.11098161,0.035590677,1.312461487,0.0005512,-237.2255813,104.9936866,-0.358581483,7.170089043,-1.598017107,-0.755925637,-1.549170338,-2.500612416,-0.396233079,-2.614858523,-2.937532673,-4.113232483,-2.117719232,26.825
1.281146285,0.094302714,3.340123457,0.384987968,0.445651127,-3.35E-07,113.6264853,1468.770428,1669.528022,18.54412011,0.049726745,0.128330106,0.03517693,1.281146285,0.000640162,-246.1647175,108.8155749,6.553572729,16.8420704,2.348982279,4.411586846,2.744221134,1.38810127,2.353230687,0.893965369,-0.117114973,-4.242615521,-1.474791174,27.475
1.031955616,0.087874877,4.419097222,0.370897552,0.479629323,1.34E-07,99.71687883,1359.386221,1635.768548,18.27124486,0.018127029,0.049191321,0.012040097,1.031955616,0.004036502,-330.4437308,118.8885405,6.891798792,6.288382083,0.318341985,-4.657574083,-4.929157924,-7.477773254,-3.55449466,-4.941795875,-3.455180067,-6.023708157,-5.172310033,27.8
1.39783333,0.138630725,4.581666667,0.386116449,0.503823465,-1.74E-07,134.8617361,1901.97142,1927.138098,18.57050108,0.031303161,0.09090989,0.02231736,1.39783333,0.000533854,-235.8047765,85.9922608,4.032782585,8.579379615,-2.054090888,0.326871348,-2.648234142,-0.675521094,2.075294882,0.415347968,0.583853393,-1.294410992,-1.953162201,28.475
1.362297419,0.119475961,4.457142857,0.391731056,0.52687451,-3.72E-07,128.5887113,1717.467941,1833.702396,18.59133771,0.023760138,0.082384021,0.022310116,1.362297419,0.000725099,-276.1613867,96.14441276,6.337119269,9.929982914,-4.951987927,-0.161222398,-0.479309186,-0.959945436,-3.991700827,-2.831092214,-4.462734314,-5.317622857,-2.313971751,29.25
1.456627069,0.123825037,4.850574713,0.387108792,0.491865556,-5.25E-07,133.9880118,1753.874993,1815.814964,18.43778493,0.032446367,0.096916965,0.029737094,1.456627069,0.000542241,-252.9975855,93.12317386,1.881432173,12.26913904,0.076408918,-1.707385652,-1.545835784,-3.081164617,0.553017173,-0.135291974,-0.46332662,-2.167711928,-0.143476471,28.825
1.351775825,0.11721685,4.040277778,0.396885042,0.502515958,-8.67E-07,127.5768593,1683.276142,1805.403937,18.09117985,0.036461615,0.104550154,0.031583441,1.351775825,0.001139062,-257.1747039,96.7124565,2.961727858,8.583510688,-2.167693093,2.515960391,0.077752087,-2.260631567,-0.707956402,1.505129666,1.779570254,-0.199017714,-0.077153224,28.925
1.400266148,0.12929751,4.211111111,0.390901771,0.534148123,-3.96E-07,119.7538719,1762.127464,1820.055467,18.50225642,0.027860928,0.087442911,0.028754442,1.400266148,0.000880093,-255.7494663,94.33826659,1.904614459,7.51744833,-4.605795124,-3.372806541,-8.989142619,-2.124002535,-0.254318052,-2.716206105,-2.246021373,-4.209841741,0.216088064,28.975
1.333851741,0.125230559,4.11969697,0.374960847,0.499381572,-5.37E-07,134.904149,1765.105196,1831.97152,18.6465526,0.026118599,0.077161565,0.024738343,1.333851741,0.000516288,-248.4713414,93.99121518,-1.809893397,7.259989109,-3.165809806,-0.348941175,-2.651816854,-3.524929391,-0.159429445,-0.582960492,-3.01250081,-4.002757235,-1.095796353,20.925
1.324510543,0.119122461,3.936231884,0.349236344,0.481030766,-6.07E-07,141.3926406,1670.076467,1773.7066,19.14998164,0.022860366,0.06750506,0.019541745,1.324510543,0.000702083,-288.0022009,98.21067787,3.67790157,7.447832209,-4.882178809,-1.123521613,-5.968501161,-4.487419122,-1.098009199,-1.925940234,-3.23451638,-3.994368121,-1.063017712,22.875
1.4107142,0.14124594,4.197333333,0.381883769,0.508409726,-7.02E-07,158.8461774,1863.285056,1840.097643,18.57084888,0.025481926,0.083045303,0.026806591,1.4107142,0.000632,-254.052336,88.01074176,-5.832309756,6.895938819,-3.747088855,0.128537343,-1.826449055,-1.835749346,0.116453783,-1.752651115,-0.30018955,-2.777209817,-1.327524992,24.225
1.36793825,0.136283884,4.393055556,0.402937926,0.52226657,-7.56E-07,153.0910951,1800.843066,1811.950715,18.21140996,0.022084454,0.06937244,0.019409249,1.36793825,0.001368576,-294.0692008,93.64894679,-3.94747697,5.811492158,-4.598676435,-2.824437628,-2.768693735,-2.926364997,-0.62009545,-1.118810623,-1.452752227,-3.288458992,-0.804758346,25.413
1.366700032,0.117406053,4.226666667,0.387711764,0.501937154,-3.13E-06,135.5821736,1684.309788,1798.750071,18.30571809,0.024246819,0.064278711,0.018527824,1.366700032,0.001285083,-286.0296712,96.02132736,0.396239366,13.57604995,2.747757253,5.108088652,0.846118136,2.30624315,2.251031176,0.237204649,-1.903731494,-2.068689198,-1.166611906,25.275
1.188788338,0.126230571,4.288425926,0.370123069,0.481657258,-4.90E-08,127.9196809,1831.38734,1885.176862,17.59314287,0.010330844,0.030195548,0.010483743,1.188788338,0.008176562,-348.8655233,91.44150467,-1.134470292,0.47287125,-3.145435588,-6.82063696,-6.137348346,-7.780193708,-5.407516165,-6.029444715,-6.580412742,-7.076779813,-5.679205479,26.025
1.340012887,0.119230421,4.493589744,0.385782917,0.491210721,-7.46E-07,149.7773638,1656.187345,1740.603195,18.72730062,0.025508239,0.071907909,0.02220088,1.340012887,0.000701923,-269.3126573,99.99873585,-3.373264067,8.928679946,-0.468192528,0.252092588,-0.320322454,-2.819486976,-0.33466833,-1.139396968,-3.562771538,-4.875925823,-3.497459258,26.1
1.327833514,0.109310731,4.673809524,0.396455786,0.495001025,-7.19E-07,105.4634927,1596.020207,1746.699074,18.35365827,0.034335979,0.09507514,0.02658077,1.327833514,0.00037859,-237.1391358,105.4711262,1.287072681,9.670262739,0.031593436,1.614991919,-0.6412818,-0.252871543,1.339806588,-1.413916158,-3.292484214,-2.672348867,-0.946233959,26.788
1.364150715,0.124518074,4.359259259,0.379149448,0.463074344,-1.56E-06,107.5865833,1761.864882,1834.115796,18.49013189,0.038172159,0.095813111,0.032582128,1.364150715,0.000357639,-214.2966085,94.41948496,-0.911847492,6.191518589,-2.002378373,0.983254069,-1.780691341,-1.419375949,1.073687741,0.03562616,-1.070229857,-3.073143386,-0.670381764,27.4
1.353563576,0.116168828,4.500862069,0.381450598,0.504527034,-4.32E-07,128.9373101,1636.647014,1766.264782,18.67683051,0.039710041,0.094716894,0.02582075,1.353563576,0.000406286,-226.6117047,102.1132288,1.465869477,8.039738047,-0.499039704,1.405855093,-4.997276324,-0.991600957,-0.153710124,-1.818916623,-1.839581639,-2.819197776,-3.534759506,28.075
1.39521668,0.126116605,4.673333333,0.369636825,0.482018248,-6.06E-07,126.6283519,1718.179035,1784.93327,18.7508997,0.030862447,0.083682462,0.025266301,1.39521668,0.000468944,-244.1290992,97.82988796,-2.430600446,6.462650611,-3.728313558,-3.17055421,-1.322374759,-2.682967278,0.462128643,-0.691898011,-2.218733667,-3.255545918,-0.490073177,27.825
1.366403248,0.134232606,4.309333333,0.416598598,0.522426006,-7.85E-07,156.0402284,1810.973418,1831.936334,17.98341775,0.035809404,0.089686293,0.025033463,1.366403248,0.00047,-220.7376502,91.8192768,-5.44945032,5.339242876,-2.517607514,-0.679459262,-1.9552411,0.134547217,-0.250951132,-0.285896879,-2.135414901,-2.675639657,-0.864692389,28.288
1.320362652,0.118857762,4.525925926,0.409973962,0.482867011,-2.57E-07,121.7644121,1722.28938,1811.12813,18.5115555,0.036531395,0.098024896,0.027919338,1.320362652,0.000422299,-228.5796067,94.972323,-1.4639866,9.480198781,1.878530382,1.752914547,2.738271264,1.825539679,3.874581921,1.518385819,-0.845027335,-2.318216151,-0.134492911,29.025
1.395404765,0.12752418,4.363675214,0.382952978,0.452796493,-9.23E-07,136.3504773,1796.739364,1823.77977,18.32154522,0.045431631,0.12407314,0.032958332,1.395404765,0.000291613,-192.0817935,91.86626373,-3.494705571,10.59607643,-0.122862441,1.69152126,0.502819744,1.559009325,2.431528466,3.291925151,-1.241100209,-2.051863112,-2.23399002,28.838
1.40336182,0.123277042,4.390666667,0.427139413,0.539920039,-6.23E-07,106.3574431,1720.487357,1815.781418,18.34578178,0.034993336,0.095299602,0.034382429,1.40336182,0.000851208,-212.1635482,97.0082376,-0.966123949,10.67359369,0.880625066,0.955124608,-0.517984468,-1.732180502,1.403298691,-0.048110476,-2.040320693,-4.135642676,-2.063352804,28.963
1.402392007,0.124053411,4.194047619,0.400388038,0.53459866,9.99E-07,189.696242,1671.988043,1728.73199,18.02018664,0.036542979,0.115533988,0.04221112,1.402392007,0.000403919,-222.3226323,99.01512714,-7.460302524,5.24754965,-3.476105246,-0.6664846,-3.613509645,-1.988979259,-1.978707514,-2.166314145,-4.174824043,-4.290918274,-3.475236857,26.9
1.060878606,0.143049196,3.91,0.374349919,0.459098928,-9.48E-05,184.9766888,1926.087254,1898.321831,17.5091924,0.267805499,0.464966766,0.109263059,1.060878606,0.012575083,-17.30588709,83.12099452,5.535565928,9.996457545,-0.276841136,2.116959442,-1.045161609,-0.472271572,1.751418258,-0.205552323,-1.042449324,-2.714316772,-1.06298994,27.038
1.282145532,0.119642243,4.35,0.367728321,0.431712285,-1.25E-06,150.1181267,1720.917157,1784.358789,19.08643558,0.041885456,0.117907477,0.028122704,1.282145532,0.000325856,-218.8260541,94.42017775,-3.287071186,5.255656034,-3.273583222,-1.87487147,-2.897355242,-1.703080626,-0.604022407,-1.375348219,-3.370066329,-4.57350586,-1.69356753,27.713
1.416059517,0.126116646,4.463218391,0.397703779,0.50936527,-1.16E-06,127.2458963,1761.672079,1826.983152,18.47616765,0.036404853,0.107224481,0.033325812,1.416059517,0.000480675,-227.3739457,94.588252,-1.489764179,5.963498849,-1.735227541,1.280235598,-1.117521034,-0.359253061,0.30458348,-1.392289098,-2.608122791,-3.805228811,-2.70752235,27.488
1.385241588,0.139726853,4.450641026,0.385794675,0.509826178,2.58E-07,142.9848069,1911.498085,1920.776447,18.57126195,0.039382169,0.097920598,0.028063677,1.385241588,0.000335697,-202.0231254,85.23239815,-0.719551038,6.831082758,-3.240881292,-1.50659201,-0.306370283,-1.119988161,0.506306163,-0.655511105,-0.994564805,-2.501477101,-1.919297271,28.025
1.414774548,0.127725796,5.009333333,0.41969371,0.543818585,-3.34E-07,134.4776286,1823.90011,1891.578606,17.33637202,0.048011843,0.089696489,0.029761357,1.414774548,0.0002525,-174.0420848,90.25257184,2.534520508,10.05123282,0.787735324,2.367993061,0.433857332,2.46100474,2.768640251,2.785079253,-0.441524789,-0.929896423,-0.685235377,28.55
1.261921884,0.11351756,4.224637681,0.383440163,0.50093238,-6.03E-07,129.6879573,1634.539803,1771.732459,18.11121524,0.069833285,0.136999255,0.037120556,1.261921884,0.00025933,-163.0960153,101.8668687,2.412568673,8.497984138,1.031708003,3.223392241,1.509318529,0.803936074,0.824072156,0.455624007,-0.149172348,-1.597769735,-1.109502015,28.613
1.268620932,0.114817719,4.756565657,0.360788521,0.421884201,-2.38E-06,138.851045,1633.342745,1720.812891,18.63474662,0.056471617,0.128355931,0.032169755,1.268620932,0.000334343,-189.6021306,98.74357273,-7.276136281,8.363684495,1.045261786,-0.301192753,-0.319948515,0.162741191,1.544838324,1.304651977,-1.411244265,-1.13147764,-0.145843925,29.238
1.260097535,0.118345359,4.347435897,0.403779353,0.494063989,-3.50E-06,152.100202,1733.992255,1789.502241,17.86733006,0.064738485,0.140820228,0.041423187,1.260097535,0.000395513,-182.5047012,92.25960608,-4.086963006,10.48319973,1.012610408,1.518711405,-0.261575068,0.779818013,2.445957845,2.374224915,0.226744788,-0.686122715,0.223802384,29.25
1.218349265,0.101526082,3.885069444,0.375027339,0.442782952,-3.66E-06,129.7778672,1552.773035,1728.202198,18.21603575,0.045143272,0.103980624,0.0283521,1.218349265,0.00039796,-238.7600303,104.8654404,4.070460747,8.416978417,-1.033757237,0.572739467,-0.832313692,-1.197231328,1.962641728,0.953360133,-0.312703873,0.367214849,1.739579572,29.313
1.269428748,0.126802925,4.420289855,0.389457649,0.442910761,7.88E-07,133.4032126,1823.278218,1858.299669,17.80593927,0.046678185,0.098769802,0.028545585,1.269428748,0.000323279,-195.799612,88.61392687,-2.29483589,9.398718422,0.689256263,1.7888889,0.39760883,1.081589282,2.461342313,3.225234126,-0.159970504,0.538589716,-0.430640123,21.65
1.311484512,0.116232855,4.45,0.415400318,0.50964277,-1.94E-06,146.0784449,1719.857596,1817.349473,17.51829483,0.061952193,0.13269191,0.035495645,1.311484512,0.000432212,-187.6987413,94.63941158,-4.038808962,8.892493838,1.613216449,1.866517642,0.063262104,0.519244679,1.550707903,2.23319261,0.629931342,0.384320763,0.620284299,22.275
1.115641162,0.127031707,4.224828532,0.375839207,0.482554816,-1.17E-07,124.300388,1714.289626,1769.717891,17.82136999,0.025299847,0.078750588,0.024284979,1.115641162,0.005994873,-285.0207487,101.5016868,-0.894265504,1.779664374,-1.260338828,-4.34431112,-4.978920157,-5.52334806,-2.70538529,-5.073195756,-5.311037359,-6.762281654,-4.822211706,22.6
1.27294745,0.133901425,4.444907407,0.380615291,0.502838017,-1.79E-06,146.6221455,1776.257588,1799.839442,17.97279537,0.043517367,0.095006967,0.02732213,1.27294745,0.000357899,-193.314539,93.42302092,-5.939824221,8.026497663,-1.424185146,0.495462282,-0.460620668,-1.952480892,-2.348645195,0.149540392,-2.187461247,-2.382676961,-1.149234419,23.575
1.32829386,0.114891205,4.638666667,0.397363663,0.471144826,2.77E-07,159.3546779,1721.55419,1824.029194,17.47717937,0.050182027,0.103586508,0.026279107,1.32829386,0.000327417,-191.7148973,92.79739304,-2.703903644,9.455387805,1.718313047,3.462604139,2.156106865,3.257281904,4.284518668,3.911462757,-0.621908236,0.773541978,0.611126564,23.15
1.27149209,0.142425026,4.624652778,0.37878636,0.468160871,-1.22E-06,189.2332625,1925.982178,1855.960225,17.96772217,0.055338446,0.115475282,0.031057053,1.27149209,0.000293837,-166.8985933,83.97505308,-8.475431788,6.230594552,-1.561278267,2.523496961,0.259595115,0.691667408,0.655458319,1.728115978,0.137332912,0.127956555,-0.457312034,23.85
1.268668048,0.11414364,4.72037037,0.392057359,0.458401554,-1.84E-06,139.8356025,1736.60787,1853.271126,17.92612853,0.053806179,0.104583546,0.027834558,1.268668048,0.000361265,-198.5321572,91.32711696,4.407306922,14.34163491,2.274975057,7.131902039,-2.223370237,2.142450594,1.368918033,-0.648965149,-2.831652866,-1.907685705,-1.506816996,23.613
1.284705176,0.131118206,4.212,0.387297996,0.494471257,-2.90E-06,165.9072813,1814.643793,1856.823003,17.72712537,0.040049217,0.09338724,0.024649226,1.284705176,0.000378167,-209.0781018,90.05443292,-1.46690618,8.574656662,-0.644841954,1.559573249,-0.217848502,0.955402669,0.417598333,1.985381354,-1.791337606,1.042359548,0.860343119,24.15
1.32073035,0.125180169,4.667424242,0.392611543,0.503498622,-2.98E-06,138.1636565,1767.68226,1835.756511,17.79420526,0.06879414,0.134388836,0.03630876,1.32073035,0.000238542,-149.9812138,91.54112136,-3.156694668,9.039370523,0.145881941,2.107267694,1.950965853,0.155770765,2.770993297,1.797529859,-0.129834915,-1.562396786,-1.099052962,24.613
1.254985057,0.124844048,4.4543052,0.36487312,0.437781575,-2.60E-07,156.6382744,1775.388208,1813.733865,17.9447532,0.058038256,0.120895138,0.027771908,1.254985057,0.000239589,-163.5884748,91.28969896,-8.143842355,7.017483287,-2.235571534,-0.308005929,0.448838159,1.842199882,1.160613513,2.726190512,1.057388336,2.213584963,0.823950079,24.938
1.193863093,0.114128265,4.552604167,0.421297457,0.477649818,-4.88E-06,151.6535047,1666.159611,1755.492414,17.70006003,0.074170405,0.139206812,0.034386622,1.193863093,0.000418815,-167.3755766,97.3166005,-8.361892706,10.61067332,0.607344828,1.829086314,1.655762672,1.99464951,2.830164526,3.287336921,0.002959853,0.043210561,1.044620038,25.312
1.278326103,0.128801708,4.368965517,0.403521783,0.487661453,-2.73E-06,136.4083602,1802.125304,1844.434535,17.67304882,0.086113886,0.148530457,0.039902631,1.278326103,0.000148635,-115.5380743,89.99388672,-3.315841315,16.57235996,5.362794483,2.761934834,-0.281303286,2.046234744,0.253672552,1.906051044,-2.770817497,-3.558126797,0.81008361,25.938
1.242694877,0.110379535,4.807222222,0.375743476,0.421288683,-1.03E-06,153.8264503,1644.942854,1767.755704,17.65849766,0.055434614,0.124702236,0.030260712,1.242694877,0.000294236,-188.7300552,98.60122073,-4.574268349,9.308915643,0.670406108,3.611525612,2.108102372,3.221067029,3.281623724,4.995219047,1.757565996,1.938460096,1.970795217,26.1
1.164897751,0.140422352,4.011904762,0.375172971,0.517685212,-1.21E-06,177.1038904,1895.397525,1863.407207,17.50219411,0.074391275,0.142977336,0.043008047,1.164897751,0.013254911,-140.8475826,86.61169325,-7.342607912,-0.993666123,-6.121039634,-8.079611768,-2.661936907,-4.063131159,-1.564234963,-4.1353451,-5.592433579,-7.333254693,-4.116041563,26.2
1.244434841,0.128165107,4.369642857,0.355634613,0.469161848,-2.41E-06,159.1482053,1741.23792,1778.372219,18.09460926,0.042295927,0.08597081,0.021423817,1.244434841,0.00040346,-215.6888799,95.72661032,-5.768320995,4.238537036,-2.983250572,-1.714060089,-2.003836393,0.222959357,0.506461747,0.462190643,-1.859285115,-2.438007135,-0.932456654,25.987
1.321269726,0.128361977,4.563374486,0.402409628,0.489710051,-1.42E-06,196.3673908,1800.020002,1792.525776,17.77450023,0.072863388,0.167707499,0.050475981,1.321269726,0.000199974,-143.5888537,91.08527881,-10.37572953,5.275004411,-0.040855737,1.420390505,0.822949896,2.041247468,2.835572196,3.421817174,0.338347168,1.066031087,2.080170765,26.963
1.271917952,0.115344885,4.301234568,0.375966064,0.452971378,-2.41E-06,156.2210462,1702.970602,1764.1077,17.89732492,0.058406543,0.122992838,0.028224827,1.271917952,0.000234053,-168.4950861,95.84074456,-9.25437619,6.366887007,-2.622984276,1.696124643,-1.094536123,0.921876229,1.204580747,1.577894527,-1.066060368,-0.119674022,0.294109904,26.875
1.250400481,0.125257486,4.474107143,0.400922816,0.442012918,-2.65E-06,147.7281468,1778.044627,1803.307595,18.16403028,0.087275251,0.186979483,0.04137436,1.250400481,0.000161942,-125.089008,91.80299075,-7.560247773,8.399017335,-1.290638521,-0.492801126,-0.605848489,0.30983752,1.883428468,1.913482458,-0.546120153,-0.26279903,0.302611404,27.613
1.277215306,0.108237509,4.651851852,0.403694363,0.43150829,-8.32E-07,137.8008268,1648.018127,1762.013418,17.99677402,0.075685735,0.145701724,0.037270742,1.277215306,0.000175772,-157.2636089,97.70319833,-5.506069893,7.244389293,1.213557948,4.192627219,3.253810121,5.076926563,5.644185364,3.915208416,2.446049394,2.131863584,2.785139761,27.988
1.296871767,0.133478341,4.701234568,0.402594841,0.489980479,-1.07E-06,130.4660092,1921.889146,1933.213658,17.69929479,0.086500649,0.162409886,0.042791584,1.296871767,0.000176235,-109.2854511,83.08174941,-4.161119679,6.089641244,0.823695209,2.564004621,2.575437147,2.452072055,3.782766271,4.401926374,0.569239464,1.051083237,2.158177214,28.188
1.262132662,0.127731058,4.600383142,0.405313867,0.508432338,-1.32E-06,196.5224532,1729.417652,1737.960045,17.36780798,0.051505248,0.109560459,0.028002783,1.262132662,0.000278113,-174.9404179,95.55308086,-14.57510764,5.154503071,-2.09730362,1.385955134,0.331401967,1.323019113,0.528040782,2.038316061,-2.216730838,-0.333257093,-0.278818437,29.1
1.225147126,0.139967825,4.177777778,0.41371216,0.516330774,-3.02E-06,174.0509078,1841.657102,1821.815834,17.45038,0.047525,0.088730994,0.027256804,1.225147126,0.00026586,-169.2231919,89.86523365,-11.855381,5.322449624,-2.113572298,1.137034013,-0.230954726,2.177863903,0.518085621,2.569224655,-2.026038215,0.149338364,0.016104544,28.488
1.206014236,0.140353851,4.051238095,0.424789155,0.488709003,-2.19E-07,116.32901,2194.69443,2272.819297,17.19490172,0.097819867,0.218805198,0.078371185,1.206014236,0.006565917,-134.7480305,72.59959788,34.20082016,15.73391973,11.08849474,3.646095422,4.280403255,0.856279036,1.774156287,-0.678123361,-1.850355789,-2.851591046,-2.63335892,28.925
1.317111858,0.160737774,4.461769006,0.414555133,0.542597736,4.66E-07,150.764514,2211.847666,2133.651654,17.06675681,0.029505866,0.113117505,0.038684925,1.317111858,0.003530889,-225.1482004,74.68698183,5.622699958,2.423925096,1.601860018,-2.750049125,-1.229273946,-3.752200903,0.13463767,-0.682597752,-2.594428775,-4.188204625,-4.059609088,29.438
1.146001205,0.137932037,4.403030303,0.379499918,0.50932813,2.56E-09,146.0419075,1828.332424,1864.302335,18.17186071,0.016788541,0.065081335,0.022138099,1.146001205,0.004271875,-323.4897386,91.29284118,3.321209014,8.017518701,1.965501635,1.6726033,-0.163882796,-1.86171772,-1.073724259,-1.019031521,-0.927233545,-3.727214373,-2.988413447,24.175
1.108967848,0.130494014,3.98134058,0.397582187,0.529578614,-1.62E-07,157.943085,1822.352489,1899.552189,17.62186864,0.016741091,0.059233164,0.018985537,1.108967848,0.003900192,-306.8128796,90.24244309,5.3187166,11.06904271,1.191696922,0.9735836,-0.737421495,-2.465380646,0.364382719,-1.395378315,-1.227765559,-3.954396206,-1.777476985,25.613
1.128320421,0.112062481,4.712169312,0.348176404,0.427182652,5.19E-08,152.5937798,1649.730091,1766.168827,18.06266887,0.025235755,0.07313627,0.02010361,1.128320421,0.003725198,-276.4319412,99.76231543,1.891451452,6.242591858,-1.980263919,0.920004133,-2.396314879,-3.345277898,-1.626775813,-4.45119891,-3.009799068,-2.329563125,0.584584662,26.65
1.184997299,0.15279604,4.348611111,0.355691517,0.4197431,-4.12E-07,131.2373806,2079.453465,2052.173013,18.21030112,0.037332341,0.121201438,0.031995667,1.184997299,0.004992448,-237.9327682,79.86202278,5.827692409,1.169696289,1.406044005,-3.304379966,-3.438180259,-5.314357441,-1.279034177,-1.930043793,-1.268972224,-3.882995177,-3.061247761,26.675
1.187989382,0.123866638,4.560984848,0.401870414,0.508598026,-3.51E-07,106.2425885,1728.241221,1821.173796,17.47187401,0.02880937,0.054956614,0.016604149,1.187989382,0.00338795,-236.1042727,98.00322127,3.309909867,8.481525679,0.009990597,0.972386691,-3.743814484,-1.62547126,-0.974564263,-2.071273227,-2.641039226,-3.597909723,-2.858475175,26.788
1.144416737,0.136084344,3.923349436,0.387197234,0.500478272,-1.22E-07,160.0219197,1780.289556,1795.642057,17.35824404,0.025610231,0.063386107,0.019141551,1.144416737,0.000750295,-264.5408374,94.26527026,-3.515307646,6.310723864,-1.712703104,-0.800651002,-3.25260796,-3.142390956,-3.283300366,-0.905476205,-0.958084394,-2.332315639,-1.136166457,27.275
1.164458091,0.098561111,4.188013136,0.362180856,0.489156524,7.42E-07,129.0438181,1502.453714,1699.62992,17.70626868,0.030458478,0.058278025,0.0160553,1.164458091,0.000929239,-276.3702752,108.3989033,4.379925662,12.01392283,4.148129046,1.940925948,-5.273521634,-5.421727852,-1.888105074,-4.872155679,-4.665822757,-5.311922127,-3.563022634,27.175
1.139870563,0.105833571,4.173076923,0.386585926,0.491843052,4.67E-08,129.524638,1563.241929,1730.706123,17.64149745,0.021642914,0.049766191,0.014469384,1.139870563,0.000817548,-293.0468219,105.3973136,2.323569452,10.57415399,1.073892954,0.665706063,-1.880631359,-0.930143935,0.148077695,-1.808466653,-1.681345172,-3.008573825,-1.563588584,27.875
1.206821946,0.115635418,4.042901235,0.401485192,0.504984051,-1.66E-07,119.2945834,1689.054304,1812.746764,17.56449345,0.022113264,0.05165791,0.016210703,1.206821946,0.000551775,-268.2328267,99.00737804,0.238052762,7.407910878,0.775828954,2.359715411,-0.214834066,-3.562104765,-1.781374239,-1.031760762,-0.418620506,-1.772025112,-1.409909508,28.138
1.237768559,0.107617874,4.870114943,0.380274845,0.487563614,-2.15E-07,135.7335424,1543.331867,1688.904459,17.61408109,0.023081036,0.056287699,0.017355412,1.237768559,0.000712572,-283.0590434,108.8232717,-1.967179182,8.12666912,0.819230688,0.634994381,-2.093783969,-1.611027362,0.237501357,0.112095087,-1.420125779,-4.024733693,-2.649618148,28.688
1.256973836,0.13382741,3.932309942,0.342612249,0.478568502,7.82E-08,172.117295,1839.794304,1860.872502,18.03363072,0.025283294,0.09761632,0.031347101,1.256973836,0.003844714,-285.9939921,93.41080071,1.333313625,-0.926313578,-6.745982242,-10.31300765,-8.230260997,-7.320766274,-1.420383525,-4.094135073,-0.568620236,-5.507606371,-4.138021,29.2
1.230004561,0.122727142,4.459567901,0.370156866,0.482970401,7.68E-07,132.9434619,1818.455534,1918.245174,17.78566647,0.047360445,0.085319011,0.026143148,1.230004561,0.000237973,-187.1937926,91.91247181,8.7940267,13.11155212,1.564859642,-3.152795622,-3.696156204,-3.135580165,0.136847696,-3.532262256,0.113684261,-5.662453396,-2.468597158,28.975
1.127407078,0.127341701,3.928546333,0.357646277,0.499916443,1.48E-07,184.7753487,1740.832912,1767.075772,17.89222136,0.021372425,0.048420991,0.013115697,1.127407078,0.002325491,-301.665773,95.28611194,-4.253731702,7.215802815,-1.569559544,2.774497611,-0.597338959,-0.987871271,-0.196534947,-3.378945459,-3.380940647,-5.104498043,-2.964579184,29.125
1.172150649,0.109329322,4.298850575,0.373026438,0.489659695,2.84E-07,138.580453,1580.855539,1718.312705,17.73787141,0.026876052,0.07419564,0.024298157,1.172150649,0.000520474,-274.1958341,105.4763218,4.990619473,10.93794321,-1.763180051,-0.247650085,0.252468657,-2.176448716,-0.132786041,-0.121313921,0.616282407,-1.547938198,-1.006121952,28.925
1.209567792,0.158330457,4.565268065,0.362821701,0.481617848,4.20E-09,149.7053626,2199.317563,2126.238321,17.688136,0.031545094,0.102293757,0.034114637,1.209567792,0.00649839,-227.969265,74.67971268,4.681165138,-3.102984845,-1.930164764,-7.4876606,-5.324378532,-6.011978167,-2.6747708,-4.511533202,-5.005318882,-6.209358909,-5.575437241,22.075
1.203832184,0.126271817,4.37,0.407771673,0.50012779,-2.01E-06,193.5945848,1911.83381,1977.183235,17.12709865,0.04717565,0.125201503,0.044974671,1.203832184,0.003029958,-195.8209872,83.3560174,4.718668711,8.886845308,3.559590788,2.489547258,3.256313594,2.369490575,3.524106984,2.172779287,1.612868002,-0.038437266,-0.189156905,23.05
1.166903245,0.144552195,4.314666667,0.391621686,0.513958342,8.92E-08,153.7742348,1911.547209,1909.463261,18.06707967,0.031398387,0.106381923,0.035437102,1.166903245,0.010140417,-252.4254572,89.03343688,0.988868714,1.631888025,2.099242455,-4.435358717,-1.923566683,-3.196890029,-2.833630346,-2.319623928,-2.925584203,-4.040033376,-3.294326758,23.825
1.122861258,0.108454864,4.375520833,0.363742612,0.460508151,-4.38E-06,182.5081898,1651.312517,1837.545139,17.56717124,0.051470583,0.132519272,0.039512993,1.122861258,0.005476487,-189.960188,97.43121925,8.113343033,9.843127767,-1.188727526,0.650133169,1.348507273,-1.152648533,0.098227631,0.607781856,-0.976933458,-3.29809597,-0.868967125,24.163
1.065585051,0.106068052,3.976811594,0.380157909,0.469261775,-1.91E-06,135.9763751,1638.474859,1806.757144,17.61146239,0.062754681,0.138552136,0.039149413,1.065585051,0.004913745,-176.2335267,98.62227283,6.859254426,14.13788488,4.898515627,6.6711431,5.115821588,1.155710084,3.15139525,0.668205143,0.223965858,-1.392376176,-1.702300167,23.8
1.173424234,0.206433833,4.238666667,0.396553916,0.479363546,5.67E-07,133.4142452,2486.178158,2147.467762,17.49918489,0.057117072,0.184367798,0.047674844,1.173424234,0.006995556,-169.9846308,61.29247652,4.566724302,4.61551243,2.491992794,-3.939623916,-2.934163676,-3.582967076,-1.692782919,-4.639982482,-4.784217992,-5.697800472,-4.181428392,24.35
1.164892141,0.140885739,4.122569444,0.357696654,0.465740083,2.79E-07,186.8446888,1894.312286,1880.907544,17.95777377,0.035333265,0.099039462,0.023039078,1.164892141,0.005277528,-227.2959877,89.27544533,-1.988078239,-1.492726387,-2.597420089,-5.674468438,-2.958946078,-4.875086079,-1.898453577,-4.074894755,-4.61792758,-4.802318175,-4.25032488,24.2
1.176438764,0.133434194,4.394252874,0.352118931,0.457792906,2.97E-07,141.7699519,1898.864765,1922.026487,18.34818557,0.026805771,0.087976236,0.028698935,1.176438764,0.002996384,-269.62641,88.81560621,3.804761872,1.547036101,-0.782376451,-4.300519144,-4.506282836,-8.708322041,-4.030591129,-5.339024997,-5.379919224,-6.527093817,-5.265366455,24.963
1.175376345,0.167945423,4.720512821,0.396761858,0.522666366,-2.92E-07,188.8844773,2083.696139,1919.625743,17.28674032,0.037498453,0.107967362,0.037266063,1.175376345,0.003349519,-215.8130471,80.37917697,-11.30648478,-5.616372815,-3.255768181,-6.303727338,-2.245233783,-3.572344627,-1.747191517,-2.253419119,-3.687695513,-5.06432521,-3.161868429,24.55
1.18879708,0.159649367,4.578030303,0.36742991,0.470241818,3.47E-06,149.3727238,2075.806381,1993.364462,17.98983456,0.064363394,0.196772914,0.052758295,1.18879708,0.000351949,-175.2916782,82.97861763,2.660640184,-2.344312738,-0.33756953,-5.574948691,-4.751387278,-5.652765525,-3.846288049,-4.261855812,-4.426707017,-5.81548577,-5.393963008,25.25
1.154488881,0.138778876,4.782424242,0.348665569,0.45727863,7.43E-07,130.8780161,1898.192437,1897.624559,18.09512832,0.083555139,0.168207478,0.044119634,1.154488881,0.000164076,-136.3175919,91.60899828,-0.596365064,-6.595069192,-7.78131194,-7.092322944,-5.324716504,-7.917625844,-3.917056233,-4.332664286,-4.708261512,-4.851023858,-2.28428235,25.988
1.199494022,0.120781961,4.605363985,0.383271209,0.473727986,1.14E-06,150.0241139,1759.080957,1840.061196,17.28174899,0.060773248,0.147143528,0.051062734,1.199494022,0.003939634,-167.6513711,94.55122004,6.195136433,15.09306343,2.988746275,2.700734278,1.234887555,-1.377789011,1.286481707,0.807880336,-1.14234142,-2.002009043,-1.049802097,26.025
1.153769405,0.195843633,3.975174825,0.372447492,0.493163885,2.83E-07,172.2278373,2440.091608,2149.633147,17.68466449,0.025688483,0.071402673,0.024050753,1.153769405,0.009966747,-229.9021142,62.89215577,0.135525043,-2.902376567,-0.241101508,-5.613293173,-4.332799312,-6.035619073,-1.755813651,-3.083102296,-4.640136805,-5.313752531,-4.236107335,26.575
1.077396216,0.104123255,4.5,0.373165971,0.46912375,-1.48E-06,180.340541,1578.033007,1740.085759,17.44511956,0.044058994,0.118115638,0.025829928,1.077396216,0.037904667,-232.6420426,93.91057584,5.157049108,12.5462549,0.8824247,3.472776282,-2.843551242,-3.246019758,1.232633818,-0.931732884,-1.074531642,-3.484188969,-2.768115896,26.35
1.116523185,0.100755763,3.557549858,0.371576772,0.450146359,-1.35E-05,182.3944517,1525.103256,1702.336545,17.52326896,0.213917187,0.4009204,0.080788671,1.116523185,0.004148392,-77.29961785,105.9541361,2.132688358,10.80759934,0.346165116,0.412202013,-0.947518577,-1.784348404,-0.324403674,-1.518003671,-1.186535475,-1.749039135,-1.31857877,26.563
1.089612655,0.100451107,4.028717949,0.354529986,0.452117796,-1.08E-06,93.68583561,1463.162325,1659.375791,17.62201218,0.042702123,0.095209122,0.028613274,1.089612655,0.000391442,-225.3162414,112.5027244,9.703890939,11.38281517,0.301380882,1.9967432,-4.500663034,-2.810418712,-0.004112776,-3.254080741,-1.653313292,-4.738852223,-2.598709636,27.3
1.176553504,0.10302833,4.612820513,0.379001322,0.463071975,-6.10E-07,105.1867734,1532.686284,1703.375054,17.38482749,0.040805429,0.078772111,0.023793148,1.176553504,0.000986699,-223.3279385,107.9521529,5.560741756,12.65335603,0.548690592,0.666844473,-1.970807789,-3.953989053,1.032923466,1.486233131,0.13997686,-1.094970905,1.368289277,27.988
1.248126383,0.112432623,4.576847291,0.399021851,0.531803354,-2.61E-05,166.2846651,1593.184295,1732.315715,17.24043534,0.037617522,0.093759548,0.02742615,1.248126383,0.000603038,-235.1911579,105.0348573,0.625437835,9.424353517,1.050692772,0.061393195,-2.404180129,-2.34704589,0.010118293,-0.337511105,-0.78027106,-2.954517841,-2.278794451,27.6
1.220521814,0.10723873,4.259561129,0.40136611,0.448984407,-4.25E-07,69.1888538,1690.148259,1893.333077,17.66129103,0.008235537,0.028094292,0.009147724,1.220521814,0.001838627,-392.4288418,100.1667594,12.51500334,7.805529632,2.152209285,-2.640242342,-2.789947983,-4.636157131,-1.408019709,-1.012911007,-2.532542489,-5.522541871,-4.51101775,28.163
1.110634234,0.098593434,4.364115646,0.334419714,0.461642164,-1.71E-07,138.8984512,1449.843135,1642.761295,18.10909974,0.047948311,0.091550505,0.023293505,1.110634234,0.000692432,-227.0724334,113.0343656,5.329188071,8.351053593,-0.784442649,2.697787281,-1.066023451,-4.315873171,-0.712138015,-4.836588349,-4.323080229,-6.757897768,-3.576693943,28.725
1.069818374,0.099308823,4.229333333,0.393115917,0.551846716,-1.33E-07,143.027529,1396.119542,1564.622503,16.9210814,0.049692624,0.12567656,0.042875843,1.069818374,0.000257333,-193.9421507,118.4029576,-8.655350968,6.858602704,-0.98709422,-1.489999806,-1.215319904,-3.749509312,-5.943616249,-2.358819819,-5.867505344,-5.224994966,-6.180883297,28.763
1.127032815,0.17620023,4.289333333,0.396355338,0.482104369,-8.40E-07,178.3597912,2249.488241,2024.115068,17.32460003,0.07078097,0.233409444,0.063530867,1.127032815,0.000492833,-148.2057527,67.17854136,-0.267351011,10.62315185,1.642473106,1.26411335,0.975232703,0.536638082,2.105694838,2.196119466,0.879703911,-0.797119052,-1.437203318,28.75
1.270673839,0.104128835,3.926666667,0.363068474,0.503662938,-3.24E-07,263.6687857,1494.833429,1632.242085,17.68889506,0.019866258,0.05968305,0.021439867,1.270673839,0.00662175,-314.565076,110.2415862,-7.775469068,-13.6170263,-16.22944088,2.510920886,6.67409218,0.811035735,10.30320835,8.233079876,3.141398378,1.239743711,2.918065012,29.1
1.135296213,0.239600468,4.038888889,0.435132012,0.490537822,-9.01E-06,172.165748,2702.358271,2226.589502,17.05384885,0.065370136,0.249571432,0.055508076,1.135296213,0.000436892,-154.4437643,55.52029292,11.48205993,3.915438868,5.363599104,0.04910003,-0.090637249,-1.632913192,-0.315609928,0.609845727,-1.239469093,-1.275885242,-1.364533056,29.35
1.119022712,0.193606107,3.719965278,0.395227058,0.46856274,5.12E-06,198.6135973,2325.756768,2030.88041,17.68135936,0.056433402,0.155837918,0.040332831,1.119022712,0.000904199,-171.2270625,62.15132254,-0.163384646,11.52486574,-4.052017886,2.103263201,1.595070206,2.631278118,2.141878001,-1.352102823,-1.436035315,-2.04147205,0.321593806,22.675
1.17780015,0.19517174,4.119191919,0.386379323,0.483663072,-3.21E-06,166.1425392,2313.390492,2007.879942,17.45707055,0.059331463,0.170693146,0.045809586,1.17780015,0.000203212,-159.2120395,70.28975475,8.093371658,6.752239867,-1.034661822,3.647601633,-0.557318915,-1.986518958,1.116573563,-1.479325475,-0.086984837,-3.681882874,-1.586334488,22.65
1.149827895,0.201373773,4.682051282,0.401991722,0.4951086,-2.11E-06,162.9425297,2353.390705,2050.762131,17.17322772,0.091262349,0.263653751,0.076629149,1.149827895,0.001561058,-110.4177005,67.26245742,4.851923369,8.853067519,-0.444457365,1.802672215,-1.296615389,1.257930188,2.692701379,0.373862797,0.178639354,-1.454010044,-1.89573171,23.138
1.200353469,0.209823041,5.458928571,0.419779466,0.47149182,-2.45E-05,167.6513288,2513.314158,2153.02121,17.47460943,0.067668596,0.183826727,0.042413639,1.200353469,0.00088275,-134.1002403,56.5573175,4.599654821,5.270923061,-0.364655836,1.220194222,0.830777942,-0.126899319,1.111451154,0.742330031,0.151703548,0.038529769,0.663414976,23.25
1.056741234,0.225684462,3.830816171,0.399490632,0.451116522,-6.75E-06,150.1745254,2643.567562,2198.114899,17.57958746,0.075749074,0.182991915,0.04950977,1.056741234,0.003640727,-104.847131,50.92853443,5.6082208,12.20747288,5.377106586,1.204908626,0.075368878,0.730019503,1.189525318,0.726922231,0.505352901,-0.085236003,-0.890578362,24.275
1.187705765,0.141179598,4.04743083,0.386899723,0.499680335,-1.64E-07,142.9206436,1935.71488,1915.788834,17.46650598,0.020575726,0.065818342,0.022715674,1.187705765,0.006093458,-286.7296664,86.42664082,-2.930732586,1.10230471,-2.626706807,-5.301250423,-4.728595613,-5.356855772,-2.805803111,-3.784976264,-3.619095064,-4.954219955,-4.050093109,24.388
1.170009347,0.191466051,4.092,0.410808738,0.492451648,-1.67E-05,171.1013266,2294.775858,2029.293371,17.16382592,0.062838943,0.177778553,0.054299829,1.170009347,0.00071775,-146.7964774,65.50863892,-0.630664802,10.25230022,0.06374946,0.964444294,0.363400599,2.125913214,2.557390261,0.750623922,0.198103319,-0.847728564,-0.909730767,24.125
1.256035996,0.099919288,4.240277778,0.387529963,0.504895833,1.07E-07,100.3243216,1616.681142,1843.063783,17.47776517,0.031346018,0.081115093,0.027845559,1.256035996,0.000513715,-255.0274717,99.31079167,15.31227036,16.81553696,-8.12323677,9.287818638,4.807239826,-5.637941075,6.772851717,-2.521897677,-0.142502385,-6.603529533,-1.335274955,24.95
1.153642236,0.092706249,3.886904762,0.382367725,0.45251372,-3.77E-06,124.6304081,1477.312425,1745.17556,18.03048012,0.023013381,0.057083839,0.015471616,1.153642236,0.000758482,-305.6180493,108.002163,15.14645713,15.75093335,-6.290314693,5.201375193,2.377766433,-3.276087404,5.34868425,-1.873929921,1.148605371,-4.893522954,1.367347303,25.5
1.162532288,0.098154755,4.546666667,0.343120779,0.455696132,-2.59E-07,102.2701051,1544.093799,1782.368508,18.18888595,0.031309069,0.068675846,0.017870666,1.162532288,0.000383583,-254.4540268,106.9064592,18.69965788,11.26209964,-14.78215532,5.946794088,-3.552296034,-9.098753176,0.881613885,-5.121449447,-0.186207582,-6.680788398,0.71493877,25.463
1.213484952,0.097926023,4.049333333,0.38473521,0.474587579,-2.00E-07,106.8803937,1531.312854,1765.482115,18.02962502,0.025111425,0.065683279,0.01905005,1.213484952,0.000630083,-272.9392332,107.1593162,13.41254054,14.42857888,-7.12439616,6.833126532,1.598127361,-4.349947015,7.508654572,-1.329972405,3.391837458,-5.15691585,1.78075409,25.65
1.160119587,0.115555362,4.153623188,0.410611403,0.465230983,9.30E-07,120.3809577,1978.557879,2230.33139,17.17842473,0.043909462,0.168854969,0.064359951,1.160119587,0.003490308,-257.4950417,86.46684939,37.28459143,5.558301087,19.09212913,8.982694743,11.54709788,5.135761762,6.637493643,3.262586378,3.121574476,-0.263965287,0.703211816,25.45
1.158343974,0.106116337,4.355333333,0.343335715,0.463191578,4.30E-07,130.668178,1499.825492,1664.54362,18.27739306,0.01371259,0.038139909,0.011574953,1.158343974,0.001123542,-355.669144,111.7413424,8.219860552,9.431640992,-8.325176356,1.216198826,-0.887123144,-7.50076723,1.982355878,-4.464844353,-0.9046248,-7.137403228,-0.47978434,25.963
1.271490415,0.109476202,4.168599034,0.381917378,0.435709381,-6.62E-08,96.45422432,1727.56627,1875.038033,19.07238214,0.071725944,0.184479079,0.063825182,1.271490415,0.000361775,-178.8504677,85.55373946,23.20959291,34.77746146,-4.954663643,10.08527506,-3.488279436,-5.775621183,5.136296261,-3.927356945,4.222485754,-0.937705883,2.365344173,26.313
1.14836543,0.268331917,4.020833333,0.407734397,0.49715016,2.17E-06,185.2530512,2848.814421,2254.264876,17.32757003,0.02812091,0.1472692,0.04263095,1.14836543,0.001410937,-248.0696492,49.97153433,8.619735354,-1.288578586,-6.816416713,1.139787108,0.449606976,-7.718702464,2.214856676,-4.843354729,-0.374585325,-7.365003587,-0.991035056,26.875
1.3415148,0.129290787,4.20969697,0.39038005,0.500177285,-5.85E-08,108.3576036,1799.858827,1882.95314,18.43278845,0.078580974,0.234138245,0.073376728,1.3415148,0.000222481,-144.7642536,92.76006386,2.060519118,2.758419434,2.148545753,-0.442364998,-1.628629165,-4.870287577,-4.121256156,-1.962380405,-5.714582323,-6.352248025,-4.991821609,27.575
1.111274779,0.137108184,4.06025641,0.382817263,0.484775995,-2.65E-07,182.9479255,1813.125078,1812.726312,18.02458167,0.022400039,0.072582591,0.023147633,1.111274779,0.001207984,-286.5157895,88.41829992,-5.822388296,7.958368304,-1.602557255,1.234947308,-2.346463863,-0.85435005,1.75145044,-0.617860886,-1.600218476,-3.795791407,-2.140275249,27.063
1.199324728,0.12506618,4.515151515,0.410227343,0.529423329,4.96E-07,134.7601864,1783.932285,1891.171953,17.56854496,0.085388185,0.24119483,0.07824115,1.199324728,0.000207452,-141.9161866,93.528916,8.331739515,9.194351581,4.770729748,3.100567061,0.902239153,0.479661618,1.523035746,-1.170676416,-2.022719729,-3.39483451,-2.841571777,28.163
1.238759587,0.166008047,4.342318841,0.43169043,0.475791993,1.09E-05,183.515573,2271.306061,2094.12302,16.8954082,0.069746477,0.244539098,0.085616064,1.238759587,0.000415725,-157.7892024,63.95523678,3.108986211,13.31678203,5.330637842,4.240698748,6.402553467,3.393466486,5.587480099,4.181054406,1.402663618,1.104217674,0.225366131,27.813
1.075436026,0.179167948,4.09752381,0.398134566,0.43643212,-7.74E-06,183.5660417,2199.134652,1981.43886,17.58563005,0.050881689,0.137039983,0.037128234,1.075436026,0.000506452,-184.9531061,73.1233116,7.679288736,12.78857456,2.532010821,2.21079808,1.693152552,0.530136395,1.594415877,-0.511534813,-0.010588551,-1.747618393,-0.24104033,27.9
1.173653643,0.126056948,3.99058642,0.357435169,0.471703598,2.68E-07,195.9791527,1719.328678,1737.961914,18.19843031,0.084062119,0.192081702,0.052834936,1.173653643,0.000178848,-149.1145318,95.46815974,-10.2653834,-2.39386758,-4.683801267,4.232577512,-1.149550933,-2.880225693,-1.786561027,-5.720615263,-5.865986239,-6.574628278,-6.279752815,28.413
1.08115326,0.117442966,3.472,0.378189265,0.473992057,-1.79E-06,96.22212196,2018.429622,2281.082007,17.28158623,0.066567329,0.183159367,0.058826509,1.08115326,0.0351555,-231.9489218,80.89532572,45.15645112,11.54904177,11.01037212,6.844585666,12.68292174,-1.615790381,5.908111336,-0.682990566,5.209103021,-5.086393994,2.424988884,29.138
1.190538574,0.239954962,4.191666667,0.421448972,0.51067175,2.14E-06,213.8313931,2718.263311,2240.43486,16.93915049,0.088520698,0.245710789,0.066444777,1.190538574,0.001108594,-107.9724839,54.25821813,12.34572963,6.182654537,-7.756551581,1.434231227,2.098046378,-5.750970469,2.61805529,-3.169931277,-1.718513385,-5.720467575,-0.770125711,29.275
1.135539521,0.125046412,4.162087912,0.347375227,0.430262658,2.17E-07,120.0196543,1833.366507,1921.24061,18.24116037,0.036730346,0.090534916,0.02434372,1.135539521,0.000298329,-216.0982431,93.54355204,3.666924214,2.844317093,1.706468657,-3.44616616,-2.508798587,-7.606237472,-5.37226069,0.614545375,-1.721421923,-4.201495453,-1.337976588,29.133
1.171665698,0.180223255,4.490123457,0.410777963,0.499887071,-5.01E-08,166.5334471,2306.591595,2119.45337,17.4696403,0.080594799,0.248706133,0.070493754,1.171665698,0.000236111,-135.1519637,70.2018883,4.232579717,6.297539771,7.187470885,0.434900643,3.271914512,-1.264309768,1.085498256,1.429329314,-0.828870374,-2.223525535,-2.5686242,29.2
1.161341437,0.158155598,4.081755424,0.399329885,0.441518812,-2.75E-06,112.7049422,2132.969207,2052.938419,17.76776407,0.075790392,0.228164349,0.053054561,1.161341437,0.000927989,-164.5244891,80.59928123,8.730288346,4.411032845,4.223555225,-1.777054756,2.826615073,-0.627452682,0.039816637,-1.28965669,-2.434094392,-2.82822615,-0.827284142,22.125
1.132313052,0.197172981,4.339197531,0.409127518,0.502040594,1.79E-06,162.6421324,2390.346733,2156.371442,17.55430236,0.077543746,0.228406508,0.060102753,1.132313052,0.000232234,-143.7127891,67.19941163,10.1164847,6.864906206,0.471400869,-0.048624202,5.429292134,-5.578315736,-4.590113074,-0.751425121,-2.60895768,-1.683100961,2.147740659,22.375
1.160774798,0.153298629,3.422843823,0.362493868,0.472283109,-2.07E-07,151.3171077,2033.288806,1957.858165,17.99035323,0.030352499,0.094756383,0.026835213,1.160774798,0.003292716,-249.6618588,81.23140065,-2.504472292,-0.895478278,-2.095719847,-5.268752465,-4.04103563,-5.234380761,-3.079442298,-4.351716342,-3.785338367,-5.746395165,-4.426658738,22.525
1.16491124,0.160539559,4.551851852,0.420364755,0.475646014,1.08E-06,167.7250494,2137.391549,2058.039468,17.52453443,0.078673189,0.201119731,0.059671363,1.16491124,0.000211034,-151.8801375,75.8016913,6.259710215,8.250692695,6.328731992,2.266053848,2.960465407,0.349580839,3.17642976,0.803245311,1.066453136,-2.370582768,-0.675261084,23.35
1.203311419,0.16239538,4.67352381,0.376036404,0.470660944,-8.47E-08,150.1538403,2180.301646,2065.847166,17.70354617,0.075539098,0.268466286,0.064154142,1.203311419,0.000263524,-154.9235271,73.96689176,0.249115896,5.237122451,4.685555545,-4.299757363,2.489913801,-3.163444392,-1.038161852,0.767183977,-3.823308259,-4.820859394,-2.887848438,23.525
1.188150306,0.179464853,5.038995726,0.399947883,0.488258558,1.83E-06,136.3521367,2356.673434,2184.23172,17.18858603,0.069655773,0.19285765,0.052357738,1.188150306,0.000606223,-140.312907,69.9292395,8.45142749,2.774640928,1.39488439,-3.067638473,0.30532643,-3.263140855,0.061048088,-0.439625501,-3.254757427,-4.406644465,-3.197780384,24.375
1.251229508,0.202473109,4.445074224,0.369804165,0.472418151,2.31E-06,186.8540016,2486.69131,2174.769102,17.5532264,0.092512549,0.29795821,0.076119972,1.251229508,0.002230731,-122.1030339,61.91898442,4.32210625,1.671422392,-0.255617378,-4.360270195,-2.80528921,-5.033070273,-2.223867398,-4.40744801,-3.050151178,-5.036860086,-4.725982669,24.1
1.166182017,0.182570208,4.000549451,0.410826557,0.492209475,1.25E-06,144.4602987,2298.168969,2095.863509,17.07093736,0.077471907,0.224136523,0.064013879,1.166182017,0.000253159,-133.8081067,73.23800858,4.255167512,2.89467381,4.076421383,-2.825405828,0.711202123,-2.48308122,-0.146648656,-2.119579008,-1.972513935,-3.558853911,-2.461851385,25.05
1.227502937,0.249902888,4.15,0.421758903,0.498971006,1.19E-06,200.8981073,2831.319923,2260.558895,17.1274023,0.111057556,0.280161161,0.083736868,1.227502937,0.000238702,-78.63565745,45.09991842,5.022526898,5.244269877,-0.917533985,-0.182309658,1.598096236,-4.744933154,2.790965428,-0.31431061,-0.533636373,-1.538506886,0.98931036,25.175
1.20759325,0.136609631,4.547101449,0.39565138,0.495780978,-1.23E-05,170.6594555,1813.44707,1830.782393,18.01204085,0.05556341,0.153187658,0.042892241,1.20759325,0.000466033,-177.5239887,88.56798765,-1.685642649,9.885823217,-3.411275633,-0.403234775,-2.01989783,-1.045326007,1.381465731,0.440510484,-0.868551676,-2.327363342,-1.033640622,25.6
1.204278933,0.123595629,4.263888889,0.388168211,0.448241885,-7.18E-06,166.5618285,1808.164011,1890.875633,18.36010869,0.044071606,0.12301152,0.035157095,1.204278933,0.000534635,-212.4776343,87.7974955,5.484014136,13.50482158,2.592310786,1.652928156,-0.789367212,2.246360867,2.939631192,2.00554863,-0.502414328,-0.710413515,-0.65762763,25.5
1.22971299,0.130345248,4.401666667,0.381895468,0.507725781,-6.43E-06,155.7348547,1837.225583,1912.58511,18.03980345,0.034280019,0.115637354,0.028037122,1.22971299,0.000613021,-228.539828,88.17672765,4.634765049,9.018392665,0.364388933,-0.377480474,-2.502390129,-1.524760216,-0.207371152,-0.76385917,-1.20116166,-3.84748764,-1.237456349,25.8
1.303449117,0.116387082,4.909325397,0.368891625,0.468327898,-5.07E-06,186.788259,1656.870691,1752.427866,18.09040381,0.035493926,0.110564914,0.028387819,1.303449117,0.000570957,-231.9791215,98.01245421,-4.823342285,7.30998907,-1.379624918,-2.146188708,-2.360903405,-0.696642416,0.742765889,0.473668879,-1.140820242,-1.346885273,0.516140012,25.875
1.165708972,0.136379528,3.7,0.398861683,0.505804093,-6.60E-08,172.6242366,1903.824294,1920.309888,17.28899077,0.031084809,0.114712835,0.039852752,1.165708972,0.021492,-241.718216,87.53679372,2.072705124,2.305121068,-1.21924015,-3.871603336,-2.567924859,-4.473910254,-1.368576684,-2.914608965,-4.49647287,-5.716479572,-4.348400714,26.325
1.261590123,0.122678584,4.721759259,0.398087757,0.52499054,-7.26E-06,152.3374425,1757.478019,1862.023076,17.85689966,0.037961403,0.106686132,0.030959432,1.261590123,0.000588802,-223.5978,91.43013025,1.428203587,12.215376,1.708748382,-0.683323763,0.483107283,0.403287815,1.530201667,3.23521389,-0.850554035,-0.20866807,-0.635148517,27.275
1.199914632,0.102545843,3.874761905,0.375054158,0.486005982,-4.42E-06,166.4258998,1551.696065,1751.668058,17.88723552,0.032163876,0.097221188,0.028032851,1.199914632,0.000564518,-271.6292008,100.8825075,8.18303882,15.98100056,3.11450601,2.140714464,-0.454471511,-1.649960281,0.568045662,0.200607779,-2.477673813,-2.858332248,-0.621907394,27.4
1.265577192,0.121116238,3.980952381,0.385886042,0.43081367,-3.25E-06,111.3379608,1759.079047,1882.157361,18.57116743,0.045583059,0.123947763,0.039999569,1.265577192,0.000452517,-213.1379935,90.47190921,11.19527899,14.41257852,2.547195225,4.564457279,0.707176365,0.615263147,3.172214902,2.689038216,-0.338001332,-1.635049668,1.562965985,27.325
1.315957296,0.1084215,3.936231884,0.399671782,0.525485198,-7.60E-06,137.2803024,1611.823299,1773.949083,17.79800787,0.040796026,0.116661725,0.035569556,1.315957296,0.000557699,-227.800768,99.12640448,1.346799832,13.0091267,2.908265773,1.280124834,0.72155802,0.888138676,2.413959326,3.485289427,1.043826524,0.361589558,0.273094698,27.4
1.153446865,0.127122034,3.734782609,0.378062188,0.48458733,-1.24E-05,165.6895958,1727.432766,1788.557066,17.89612446,0.043811298,0.13898881,0.041496819,1.153446865,0.000352899,-208.4341252,94.9158977,-4.434439135,8.505676191,-0.005568982,0.731902247,-0.021646159,0.222445246,0.656532158,1.700724734,-0.318095775,-0.282379959,0.122755415,27.8
1.219850693,0.124822933,4.158333333,0.378825577,0.512863457,-2.31E-05,177.6411347,1753.640336,1833.371326,17.70001425,0.038716528,0.104800744,0.026440202,1.219850693,0.000447545,-221.04154,92.90114721,2.778817571,12.54937921,1.989250282,0.898558497,0.969511704,1.137443223,2.080679809,1.391816865,-1.302344784,-1.432407678,-0.251588747,28.588
1.193593482,0.106288897,4.073076923,0.377106747,0.464322708,-6.64E-06,144.5295266,1541.827891,1685.236457,17.65963971,0.038830107,0.12039968,0.033013519,1.193593482,0.00038734,-245.0355731,105.5063589,3.12208897,15.94902535,1.367591955,0.290796449,-0.556464812,-0.833633663,1.678427351,0.326737773,-0.915896427,-2.201311167,-1.392248538,28.775
1.189115071,0.106020107,4.10308642,0.373739751,0.490595558,-2.13E-06,110.0875052,1608.542078,1790.538046,17.37443859,0.032286516,0.086805458,0.029931727,1.189115071,0.000372569,-243.0867726,102.2179363,6.723063716,12.92903,1.667152896,0.326183146,-1.836423583,-0.99969183,-0.227319097,0.630056938,-1.769082826,-3.152774845,-0.928430464,28.625
1.168758444,0.109579765,3.991358025,0.406242437,0.484002376,-4.76E-06,172.1024311,1607.712974,1731.541631,17.20372308,0.044946524,0.140425293,0.043467247,1.168758444,0.000402681,-221.9360893,102.4259485,-1.088903117,11.55723754,-0.57366633,-0.493935935,-0.746157451,0.55035237,1.31817663,1.553056022,-0.442855092,-0.726310428,0.682678899,29.075
1.109756414,0.117584606,3.863690476,0.365415505,0.461971759,-2.37E-05,129.9086603,1630.050446,1706.844559,18.23961679,0.043039824,0.126469109,0.034897129,1.109756414,0.000422042,-218.2876014,99.285042,-4.113271625,9.57057533,-2.630263593,-1.37693754,-3.025747928,-3.486277752,-0.521162655,-0.604208773,-2.602713334,-2.956622933,-1.089711173,29.125
1.207209677,0.143108335,3.95,0.383938078,0.50050218,-2.28E-07,187.5406524,1926.197562,1887.882451,17.78112651,0.024020354,0.087357464,0.032409945,1.207209677,0.007977804,-280.5861602,87.2747095,-4.486481831,0.773214343,-0.840344576,-2.848332736,-2.906197755,-5.442264075,-2.173037522,-3.6017233,-4.093220006,-5.180601108,-2.771621096,29.275
